Timestamp,State of Charge (%),Voltage (V)
06:09:53,79.76953125,4.03125
06:09:54,79.76953125,4.03125
06:09:55,79.76953125,4.03125
06:09:56,79.76953125,4.03125
06:09:57,79.76953125,4.03125
06:09:58,79.76953125,4.03125
06:09:59,79.76953125,4.03125
06:10:00,79.76953125,4.03125
06:10:01,79.76953125,4.03125
06:10:02,79.76953125,4.03125
06:10:03,79.76953125,4.03125
06:10:04,79.76953125,4.03125
06:10:05,79.76953125,4.03125
06:10:06,79.76953125,4.03125
06:10:07,79.76953125,4.03125
06:10:08,79.76953125,4.03125
06:10:09,79.76953125,4.03125
06:10:10,79.76953125,4.03125
06:10:11,79.76953125,4.03125
06:10:12,79.76953125,4.03125
06:10:13,79.76953125,4.03125
06:10:14,79.76953125,4.03125
06:10:15,79.76953125,4.03125
06:10:16,79.76953125,4.03125
06:10:17,79.76953125,4.03125
06:10:18,79.76953125,4.03125
06:10:19,79.76953125,4.03125
06:10:20,79.76953125,4.03125
06:10:21,79.76953125,4.03125
06:10:22,79.76953125,4.03125
06:10:23,79.76953125,4.03125
06:10:24,79.76953125,4.03125
06:10:25,79.76953125,4.03125
06:10:26,79.76953125,4.03125
06:10:27,79.76953125,4.03125
06:10:28,79.76953125,4.03125
06:10:29,79.76953125,4.03125
06:10:30,79.76953125,4.03125
06:10:31,79.76953125,4.03125
06:10:32,79.76953125,4.03125
06:10:33,79.76953125,4.03125
06:10:34,79.76953125,4.03125
06:10:35,79.76953125,4.03125
06:10:36,79.76953125,4.03125
06:10:37,79.76953125,4.03125
06:10:38,79.76953125,4.03125
06:10:39,79.76953125,4.03125
06:10:40,79.76953125,4.03125
06:10:41,79.76953125,4.03125
06:10:42,79.76953125,4.03125
06:10:43,79.76953125,4.03125
06:10:44,79.76953125,4.03125
06:10:45,79.76953125,4.03125
06:10:46,79.76953125,4.03125
06:10:47,79.76953125,4.03125
06:10:48,79.76953125,4.03125
06:10:49,79.76953125,4.03125
06:10:50,79.76953125,4.03125
06:10:51,79.76953125,4.03125
06:10:52,79.76953125,4.03125
06:10:53,79.76953125,4.03125
06:10:54,79.76953125,4.03125
06:10:55,79.76953125,4.03125
06:10:56,79.76953125,4.03125
06:10:57,79.76953125,4.03125
06:10:58,79.76953125,4.03125
06:10:59,79.76953125,4.03125
06:11:00,79.76953125,4.03125
06:11:01,79.76953125,4.03125
06:11:02,79.76953125,4.0175
06:11:03,79.76953125,4.0025
06:11:04,79.76953125,4.0025
06:11:05,79.76953125,4.00125
06:11:06,79.76953125,4.00375
06:11:07,79.76953125,4.0
06:11:08,79.76953125,3.99625
06:11:09,79.76953125,3.995
06:11:10,79.76953125,3.99375
06:11:11,79.76953125,3.995
06:11:12,79.76953125,3.99375
06:11:13,79.76953125,3.9925
06:11:14,79.76953125,3.99125
06:11:15,79.76953125,3.9925
06:11:16,79.76953125,3.9725
06:11:17,79.76953125,3.98625
06:11:18,79.76953125,3.97875
06:11:19,79.76953125,3.98
06:11:20,79.76953125,3.955
06:11:21,79.76953125,3.95
06:11:22,79.76953125,3.97
06:11:23,79.76953125,3.9725
06:11:24,79.76953125,3.97125
06:11:25,79.76953125,3.97625
06:11:26,79.76953125,3.98
06:11:27,79.76953125,3.97
06:11:28,79.76953125,3.96625
06:11:29,79.76953125,3.9525
06:11:30,79.76953125,3.965
06:11:31,79.76953125,3.97
06:11:32,79.76953125,3.9625
06:11:33,79.76953125,3.9625
06:11:34,79.76953125,3.95625
06:11:35,79.76953125,3.9625
06:11:36,79.76953125,3.975
06:11:38,79.76953125,3.975
06:11:39,79.76953125,3.97625
06:11:40,79.76953125,3.9775
06:11:41,79.76953125,3.97375
06:11:42,79.76953125,3.975
06:11:43,79.60546875,3.9825
06:11:44,79.60546875,3.9825
06:11:45,79.60546875,3.96875
06:11:46,79.60546875,3.9725
06:11:47,79.60546875,3.97125
06:11:48,79.60546875,3.97
06:11:49,79.60546875,3.97
06:11:50,79.60546875,3.97
06:11:51,79.60546875,3.96
06:11:52,79.60546875,3.96
06:11:53,79.60546875,3.96625
06:11:54,79.60546875,3.96625
06:11:55,79.60546875,3.965
06:11:56,79.60546875,3.965
06:11:57,79.60546875,3.96375
06:11:58,79.60546875,3.96375
06:11:59,79.60546875,3.95875
06:12:00,79.60546875,3.9675
06:12:01,79.60546875,3.965
06:12:02,79.60546875,3.965
06:12:03,79.60546875,3.97125
06:12:04,79.60546875,3.9675
06:12:05,79.60546875,3.965
06:12:06,79.60546875,3.965
06:12:07,79.60546875,3.965
06:12:08,79.60546875,3.965
06:12:09,79.60546875,3.965
06:12:10,79.60546875,3.965
06:12:11,79.60546875,3.965
06:12:12,79.60546875,3.965
06:12:13,79.60546875,3.96375
06:12:14,79.60546875,3.96375
06:12:15,79.60546875,3.96375
06:12:16,79.60546875,3.96375
06:12:17,79.60546875,3.9625
06:12:18,79.60546875,3.96375
06:12:19,79.44140625,3.9625
06:12:20,79.44140625,3.9625
06:12:21,79.44140625,3.9625
06:12:22,79.44140625,3.9625
06:12:23,79.44140625,3.9625
06:12:24,79.44140625,3.9625
06:12:25,79.44140625,3.9625
06:12:26,79.44140625,3.9675
06:12:27,79.44140625,3.9625
06:12:28,79.44140625,3.9625
06:12:29,79.44140625,3.9625
06:12:30,79.44140625,3.9625
06:12:31,79.44140625,3.96125
06:12:32,79.44140625,3.96125
06:12:33,79.44140625,3.96125
06:12:34,79.44140625,3.96125
06:12:35,79.44140625,3.96125
06:12:36,79.44140625,3.9675
06:12:37,79.44140625,3.9675
06:12:38,79.44140625,3.96125
06:12:39,79.44140625,3.96125
06:12:40,79.44140625,3.96
06:12:41,79.44140625,3.96
06:12:42,79.44140625,3.96
06:12:43,79.44140625,3.96
06:12:44,79.44140625,3.96
06:12:45,79.44140625,3.96
06:12:46,79.44140625,3.96375
06:12:47,79.44140625,3.96
06:12:48,79.44140625,3.92625
06:12:49,79.44140625,3.87625
06:12:50,79.44140625,3.875
06:12:51,79.28125,3.8775
06:12:52,79.28125,3.875
06:12:53,79.28125,3.87375
06:12:54,79.28125,3.8725
06:12:55,79.28125,3.87
06:12:56,79.28125,3.865
06:12:57,79.28125,3.8625
06:12:58,79.28125,3.8625
06:12:59,79.28125,3.86
06:13:00,79.28125,3.85875
06:13:01,79.28125,3.8575
06:13:02,79.28125,3.8575
06:13:03,79.28125,3.855
06:13:04,79.1171875,3.89625
06:13:05,79.1171875,3.93625
06:13:06,79.1171875,3.93125
06:13:07,79.1171875,3.93125
06:13:08,79.1171875,3.945
06:13:09,79.1171875,3.9475
06:13:10,79.1171875,3.9475
06:13:11,79.1171875,3.94625
06:13:12,79.1171875,3.95
06:13:13,79.1171875,3.95
06:13:14,79.1171875,3.95
06:13:15,79.1171875,3.95
06:13:16,79.1171875,3.95125
06:13:17,79.1171875,3.9525
06:13:18,79.1171875,3.9525
06:13:19,79.1171875,3.9525
06:13:20,79.1171875,3.9525
06:13:21,79.1171875,3.9525
06:13:22,79.1171875,3.95375
06:13:23,79.1171875,3.95375
06:13:24,79.1171875,3.95375
06:13:25,79.1171875,3.955
06:13:26,79.1171875,3.955
06:13:27,79.1171875,3.955
06:13:28,79.1171875,3.955
06:13:29,79.1171875,3.955
06:13:30,79.1171875,3.955
06:13:31,79.1171875,3.955
06:13:32,79.1171875,3.955
06:13:33,79.1171875,3.955
06:13:34,78.953125,3.95625
06:13:35,78.953125,3.95625
06:13:36,78.953125,3.95625
06:13:37,78.953125,3.95625
06:13:38,78.953125,3.95625
06:13:39,78.953125,3.95625
06:13:40,78.953125,3.95625
06:13:41,78.953125,3.9575
06:13:42,78.953125,3.95125
06:13:43,78.953125,3.95
06:13:44,78.953125,3.9525
06:13:45,78.953125,3.9575
06:13:46,78.953125,3.9575
06:13:47,78.953125,3.95375
06:13:48,78.953125,3.95125
06:13:49,78.953125,3.9525
06:13:50,78.953125,3.9575
06:13:51,78.953125,3.9575
06:13:52,78.953125,3.9575
06:13:53,78.953125,3.9575
06:13:54,78.953125,3.9575
06:13:55,78.953125,3.9575
06:13:56,78.953125,3.9575
06:13:57,78.953125,3.9575
06:13:58,78.953125,3.9575
06:13:59,78.953125,3.9575
06:14:00,78.953125,3.9575
06:14:01,78.953125,3.9575
06:14:02,78.953125,3.9575
06:14:03,78.953125,3.9575
06:14:04,78.953125,3.9575
06:14:05,78.953125,3.9575
06:14:06,78.953125,3.95875
06:14:07,78.7890625,3.95875
06:14:08,78.7890625,3.9575
06:14:09,78.7890625,3.9575
06:14:10,78.7890625,3.95875
06:14:11,78.7890625,3.95875
06:14:12,78.7890625,3.9575
06:14:13,78.7890625,3.9575
06:14:14,78.7890625,3.9575
06:14:15,78.7890625,3.95875
06:14:16,78.7890625,3.9575
06:14:17,78.7890625,3.95875
06:14:18,78.7890625,3.95875
06:14:19,78.7890625,3.95875
06:14:20,78.7890625,3.9575
06:14:21,78.7890625,3.9575
06:14:22,78.7890625,3.95875
06:14:23,78.7890625,3.95875
06:14:24,78.7890625,3.95875
06:14:25,78.7890625,3.95875
06:14:26,78.7890625,3.95875
06:14:27,78.7890625,3.9575
06:14:28,78.7890625,3.95875
06:14:29,78.7890625,3.95875
06:14:30,78.7890625,3.95875
06:14:31,78.7890625,3.9575
06:14:32,78.7890625,3.9575
06:14:33,78.7890625,3.95875
06:14:34,78.7890625,3.9575
06:14:35,78.7890625,3.9575
06:14:36,78.7890625,3.9575
06:14:37,78.7890625,3.9575
06:14:38,78.7890625,3.9575
06:14:39,78.7890625,3.95875
06:14:40,78.7890625,3.95875
06:14:41,78.7890625,3.9575
06:14:42,78.7890625,3.9575
06:14:43,78.62890625,3.95875
06:14:44,78.62890625,3.95875
06:14:45,78.62890625,3.95875
06:14:46,78.62890625,3.95875
06:14:47,78.62890625,3.9575
06:14:48,78.62890625,3.9575
06:14:49,78.62890625,3.9575
06:14:50,78.62890625,3.9575
06:14:51,78.62890625,3.9575
06:14:52,78.62890625,3.9575
06:14:53,78.62890625,3.9575
06:14:54,78.62890625,3.9575
06:14:55,78.62890625,3.9575
06:14:56,78.62890625,3.9575
06:14:57,78.62890625,3.9575
06:14:58,78.62890625,3.9575
06:14:59,78.62890625,3.9575
06:15:00,78.62890625,3.9575
06:15:01,78.62890625,3.9575
06:15:02,78.62890625,3.9575
06:15:03,78.62890625,3.9575
06:15:04,78.62890625,3.9575
06:15:05,78.62890625,3.9575
06:15:06,78.62890625,3.9575
06:15:07,78.62890625,3.9575
06:15:08,78.62890625,3.9575
06:15:09,78.62890625,3.9575
06:15:10,78.62890625,3.9575
06:15:11,78.62890625,3.9575
06:15:12,78.62890625,3.9575
06:15:13,78.62890625,3.9575
06:15:14,78.62890625,3.9575
06:15:15,78.62890625,3.9575
06:15:16,78.62890625,3.9575
06:15:17,78.62890625,3.9575
06:15:18,78.62890625,3.9575
06:15:19,78.46484375,3.9575
06:15:20,78.46484375,3.9575
06:15:21,78.46484375,3.9575
06:15:22,78.46484375,3.9575
06:15:23,78.46484375,3.9575
06:15:24,78.46484375,3.9575
06:15:25,78.46484375,3.9575
06:15:26,78.46484375,3.9575
06:15:27,78.46484375,3.9575
06:15:28,78.46484375,3.9575
06:15:29,78.46484375,3.9575
06:15:30,78.46484375,3.9575
06:15:31,78.46484375,3.9575
06:15:32,78.46484375,3.9575
06:15:33,78.46484375,3.9575
06:15:34,78.46484375,3.9575
06:15:35,78.46484375,3.9575
06:15:36,78.46484375,3.9575
06:15:37,78.46484375,3.9575
06:15:38,78.46484375,3.9575
06:15:39,78.46484375,3.9575
06:15:40,78.46484375,3.9575
06:15:41,78.46484375,3.9575
06:15:42,78.46484375,3.9575
06:15:43,78.46484375,3.9575
06:15:44,78.46484375,3.9575
06:15:45,78.46484375,3.9575
06:15:46,78.46484375,3.9575
06:15:47,78.46484375,3.95625
06:15:48,78.46484375,3.9575
06:15:49,78.46484375,3.9575
06:15:50,78.46484375,3.95
06:15:51,78.46484375,3.95
06:15:52,78.46484375,3.9525
06:15:53,78.46484375,3.95625
06:15:54,78.46484375,3.95625
06:15:55,78.30078125,3.9525
06:15:56,78.30078125,3.95
06:15:57,78.30078125,3.9525
06:15:58,78.30078125,3.955
06:15:59,78.30078125,3.95625
06:16:00,78.30078125,3.95625
06:16:01,78.30078125,3.955
06:16:02,78.30078125,3.955
06:16:03,78.30078125,3.95625
06:16:04,78.30078125,3.95625
06:16:05,78.30078125,3.955
06:16:06,78.30078125,3.95625
06:16:07,78.30078125,3.95625
06:16:08,78.30078125,3.95625
06:16:09,78.30078125,3.95625
06:16:10,78.30078125,3.955
06:16:11,78.30078125,3.95625
06:16:12,78.30078125,3.955
06:16:13,78.30078125,3.955
06:16:14,78.30078125,3.95625
06:16:15,78.30078125,3.95625
06:16:16,78.30078125,3.955
06:16:17,78.30078125,3.955
06:16:18,78.30078125,3.955
06:16:19,78.30078125,3.955
06:16:20,78.30078125,3.955
06:16:21,78.30078125,3.955
06:16:22,78.30078125,3.955
06:16:23,78.30078125,3.955
06:16:24,78.30078125,3.955
06:16:25,78.30078125,3.955
06:16:26,78.30078125,3.955
06:16:27,78.30078125,3.955
06:16:28,78.30078125,3.94875
06:16:29,78.30078125,3.955
06:16:30,78.13671875,3.955
06:16:31,78.13671875,3.955
06:16:32,78.13671875,3.955
06:16:33,78.13671875,3.955
06:16:34,78.13671875,3.955
06:16:35,78.13671875,3.955
06:16:36,78.13671875,3.955
06:16:37,78.13671875,3.955
06:16:38,78.13671875,3.955
06:16:39,78.13671875,3.955
06:16:40,78.13671875,3.955
06:16:41,78.13671875,3.955
06:16:42,78.13671875,3.955
06:16:43,78.13671875,3.955
06:16:44,78.13671875,3.955
06:16:45,78.13671875,3.955
06:16:46,78.13671875,3.955
06:16:47,78.13671875,3.955
06:16:48,78.13671875,3.955
06:16:49,78.13671875,3.955
06:16:50,78.13671875,3.955
06:16:51,78.13671875,3.955
06:16:52,78.13671875,3.955
06:16:53,78.13671875,3.955
06:16:54,78.13671875,3.955
06:16:55,78.13671875,3.955
06:16:56,78.13671875,3.955
06:16:57,78.13671875,3.955
06:16:58,78.13671875,3.955
06:16:59,78.13671875,3.955
06:17:00,78.13671875,3.955
06:17:01,78.13671875,3.955
06:17:02,78.13671875,3.955
06:17:03,78.13671875,3.955
06:17:04,78.13671875,3.955
06:17:05,78.13671875,3.955
06:17:06,78.13671875,3.955
06:17:07,77.9765625,3.955
06:17:08,77.9765625,3.955
06:17:09,77.9765625,3.955
06:17:10,77.9765625,3.955
06:17:11,77.9765625,3.955
06:17:12,77.9765625,3.955
06:17:13,77.9765625,3.955
06:17:14,77.9765625,3.955
06:17:15,77.9765625,3.955
06:17:16,77.9765625,3.955
06:17:17,77.9765625,3.955
06:17:18,77.9765625,3.955
06:17:19,77.9765625,3.95375
06:17:20,77.9765625,3.95375
06:17:21,77.9765625,3.95375
06:17:22,77.9765625,3.955
06:17:23,77.9765625,3.955
06:17:24,77.9765625,3.95375
06:17:25,77.9765625,3.95375
06:17:26,77.9765625,3.95375
06:17:27,77.9765625,3.95375
06:17:28,77.9765625,3.95375
06:17:29,77.9765625,3.95375
06:17:30,77.9765625,3.95375
06:17:31,77.9765625,3.95375
06:17:32,77.9765625,3.95375
06:17:33,77.9765625,3.95375
06:17:34,77.9765625,3.955
06:17:35,77.9765625,3.95375
06:17:36,77.9765625,3.95375
06:17:37,77.9765625,3.9525
06:17:38,77.9765625,3.95375
06:17:39,77.9765625,3.95375
06:17:40,77.9765625,3.95375
06:17:41,77.9765625,3.9525
06:17:42,77.9765625,3.95375
06:17:43,77.9765625,3.9525
06:17:44,77.8125,3.9525
06:17:45,77.8125,3.95125
06:17:46,77.8125,3.9475
06:17:47,77.8125,3.9475
06:17:48,77.8125,3.9525
06:17:49,77.8125,3.9525
06:17:50,77.8125,3.9525
06:17:51,77.8125,3.9525
06:17:52,77.8125,3.9525
06:17:53,77.8125,3.9525
06:17:54,77.8125,3.9525
06:17:55,77.8125,3.9525
06:17:56,77.8125,3.95125
06:17:57,77.8125,3.94625
06:17:58,77.8125,3.94625
06:17:59,77.8125,3.945
06:18:00,77.8125,3.945
06:18:01,77.8125,3.945
06:18:02,77.8125,3.945
06:18:03,77.8125,3.94625
06:18:04,77.8125,3.945
06:18:05,77.8125,3.945
06:18:06,77.8125,3.945
06:18:07,77.8125,3.945
06:18:08,77.8125,3.9475
06:18:09,77.8125,3.945
06:18:10,77.8125,3.94375
06:18:11,77.8125,3.945
06:18:12,77.8125,3.945
06:18:13,77.8125,3.945
06:18:14,77.8125,3.94375
06:18:15,77.8125,3.94375
06:18:16,77.8125,3.94375
06:18:17,77.6484375,3.945
06:18:18,77.6484375,3.945
06:18:19,77.6484375,3.95
06:18:20,77.6484375,3.95
06:18:21,77.6484375,3.95
06:18:22,77.6484375,3.9475
06:18:23,77.6484375,3.945
06:18:24,77.6484375,3.94375
06:18:25,77.6484375,3.94375
06:18:26,77.6484375,3.94375
06:18:27,77.6484375,3.95
06:18:28,77.6484375,3.95
06:18:29,77.6484375,3.94375
06:18:30,77.6484375,3.9425
06:18:31,77.6484375,3.9425
06:18:32,77.6484375,3.9425
06:18:33,77.6484375,3.9425
06:18:34,77.6484375,3.9425
06:18:35,77.6484375,3.9425
06:18:36,77.6484375,3.9425
06:18:37,77.6484375,3.9425
06:18:38,77.6484375,3.9425
06:18:39,77.6484375,3.9475
06:18:40,77.6484375,3.9425
06:18:41,77.6484375,3.9425
06:18:42,77.6484375,3.9425
06:18:43,77.6484375,3.9425
06:18:44,77.6484375,3.9425
06:18:45,77.6484375,3.9425
06:18:46,77.6484375,3.9425
06:18:47,77.6484375,3.9425
06:18:48,77.6484375,3.9425
06:18:49,77.6484375,3.9425
06:18:50,77.484375,3.9425
06:18:51,77.484375,3.9475
06:18:52,77.484375,3.9475
06:18:53,77.484375,3.87125
06:18:54,77.484375,3.86
06:18:55,77.484375,3.86125
06:18:56,77.484375,3.8625
06:18:57,77.484375,3.86
06:18:58,77.484375,3.86
06:18:59,77.484375,3.8575
06:19:00,77.484375,3.85625
06:19:01,77.484375,3.8525
06:19:02,77.484375,3.8525
06:19:03,77.484375,3.85125
06:19:04,77.484375,3.85
06:19:05,77.484375,3.85
06:19:06,77.32421875,3.8525
06:19:07,77.32421875,3.8525
06:19:08,77.32421875,3.85125
06:19:09,77.32421875,3.85
06:19:10,77.32421875,3.85
06:19:11,77.32421875,3.84875
06:19:12,77.32421875,3.8475
06:19:13,77.32421875,3.8475
06:19:14,77.32421875,3.84625
06:19:15,77.32421875,3.845
06:19:16,77.32421875,3.845
06:19:17,77.32421875,3.84375
06:19:18,77.32421875,3.8425
06:19:19,77.16015625,3.8425
06:19:20,77.16015625,3.8425
06:19:21,77.16015625,3.8425
06:19:22,77.16015625,3.84125
06:19:23,77.16015625,3.90375
06:19:24,77.16015625,3.91125
06:19:25,77.16015625,3.9175
06:19:26,77.16015625,3.92
06:19:27,77.16015625,3.9225
06:19:28,77.16015625,3.9225
06:19:29,77.16015625,3.925
06:19:30,77.16015625,3.925
06:19:31,77.16015625,3.92625
06:19:32,77.16015625,3.9275
06:19:33,77.16015625,3.9275
06:19:34,77.16015625,3.9275
06:19:35,77.16015625,3.93
06:19:36,77.16015625,3.93
06:19:37,77.16015625,3.93
06:19:38,77.16015625,3.93
06:19:39,77.16015625,3.93125
06:19:40,76.99609375,3.9325
06:19:41,76.99609375,3.9325
06:19:42,76.99609375,3.9325
06:19:43,76.99609375,3.9325
06:19:44,76.99609375,3.93375
06:19:45,76.99609375,3.93375
06:19:46,76.99609375,3.935
06:19:47,76.99609375,3.935
06:19:48,76.99609375,3.935
06:19:49,76.99609375,3.935
06:19:50,76.99609375,3.935
06:19:51,76.99609375,3.935
06:19:52,76.99609375,3.935
06:19:53,76.99609375,3.85625
06:19:54,76.99609375,3.8525
06:19:55,76.99609375,3.855
06:19:56,76.99609375,3.855
06:19:57,76.99609375,3.8525
06:19:58,76.99609375,3.85125
06:19:59,76.99609375,3.85
06:20:00,76.99609375,3.84875
06:20:01,76.83203125,3.8475
06:20:02,76.83203125,3.84625
06:20:03,76.83203125,3.845
06:20:04,76.83203125,3.84375
06:20:05,76.83203125,3.8425
06:20:06,76.83203125,3.83625
06:20:07,76.83203125,3.835
06:20:08,76.83203125,3.84
06:20:09,76.83203125,3.84
06:20:10,76.83203125,3.83875
06:20:11,76.83203125,3.83125
06:20:12,76.83203125,3.83
06:20:13,76.83203125,3.835
06:20:14,76.671875,3.835
06:20:15,76.671875,3.835
06:20:16,76.671875,3.83375
06:20:17,76.671875,3.8325
06:20:18,76.671875,3.83125
06:20:19,76.671875,3.8325
06:20:20,76.671875,3.83125
06:20:21,76.671875,3.83
06:20:22,76.671875,3.83
06:20:23,76.671875,3.8975
06:20:24,76.671875,3.9
06:20:25,76.671875,3.90875
06:20:26,76.671875,3.91
06:20:27,76.671875,3.9125
06:20:28,76.671875,3.91375
06:20:29,76.5078125,3.915
06:20:30,76.5078125,3.91625
06:20:31,76.5078125,3.9175
06:20:32,76.5078125,3.9175
06:20:33,76.5078125,3.92
06:20:34,76.5078125,3.92
06:20:35,76.5078125,3.92
06:20:36,76.5078125,3.92125
06:20:37,76.5078125,3.92125
06:20:38,76.5078125,3.91625
06:20:39,76.5078125,3.91625
06:20:40,76.5078125,3.92
06:20:41,76.5078125,3.92375
06:20:42,76.5078125,3.925
06:20:43,76.5078125,3.92
06:20:44,76.5078125,3.91875
06:20:45,76.5078125,3.9225
06:20:47,76.5078125,3.925
06:20:48,76.5078125,3.92625
06:20:49,76.5078125,3.925
06:20:50,76.5078125,3.9275
06:20:51,76.5078125,3.9275
06:20:52,76.5078125,3.9275
06:20:53,76.5078125,3.92875
06:20:54,76.5078125,3.84875
06:20:55,76.34375,3.845
06:20:56,76.34375,3.8475
06:20:57,76.34375,3.845
06:20:58,76.34375,3.84375
06:20:59,76.34375,3.8425
06:21:00,76.34375,3.84125
06:21:01,76.34375,3.84
06:21:02,76.34375,3.83875
06:21:03,76.34375,3.8375
06:21:04,76.34375,3.8375
06:21:05,76.34375,3.835
06:21:06,76.34375,3.835
06:21:07,76.34375,3.83375
06:21:08,76.1796875,3.8325
06:21:09,76.1796875,3.8325
06:21:10,76.1796875,3.83125
06:21:11,76.1796875,3.83
06:21:12,76.1796875,3.83
06:21:13,76.1796875,3.82875
06:21:14,76.1796875,3.8275
06:21:15,76.1796875,3.8275
06:21:16,76.1796875,3.8275
06:21:17,76.1796875,3.825
06:21:18,76.1796875,3.825
06:21:19,76.1796875,3.825
06:21:20,76.1796875,3.825
06:21:21,76.01953125,3.82375
06:21:22,76.01953125,3.8225
06:21:23,76.01953125,3.8225
06:21:24,76.01953125,3.89
06:21:25,76.01953125,3.8925
06:21:26,76.01953125,3.90125
06:21:27,76.01953125,3.9025
06:21:28,76.01953125,3.905
06:21:29,76.01953125,3.90625
06:21:30,76.01953125,3.9075
06:21:31,76.01953125,3.90875
06:21:32,76.01953125,3.91
06:21:33,76.01953125,3.91
06:21:34,76.01953125,3.9125
06:21:35,76.01953125,3.9125
06:21:36,76.01953125,3.9125
06:21:37,76.01953125,3.91375
06:21:38,76.01953125,3.915
06:21:39,76.01953125,3.915
06:21:40,76.01953125,3.91625
06:21:41,75.85546875,3.9175
06:21:42,75.85546875,3.9175
06:21:43,75.85546875,3.9175
06:21:44,75.85546875,3.9175
06:21:45,75.85546875,3.91875
06:21:46,75.85546875,3.92
06:21:47,75.85546875,3.92
06:21:48,75.85546875,3.92
06:21:49,75.85546875,3.92
06:21:50,75.85546875,3.92
06:21:51,75.85546875,3.92125
06:21:52,75.85546875,3.9225
06:21:53,75.85546875,3.9225
06:21:54,75.85546875,3.8425
06:21:55,75.85546875,3.84
06:21:56,75.85546875,3.8425
06:21:57,75.85546875,3.84
06:21:58,75.85546875,3.83875
06:21:59,75.85546875,3.8375
06:22:00,75.85546875,3.835
06:22:01,75.69140625,3.83375
06:22:02,75.69140625,3.8325
06:22:03,75.69140625,3.8325
06:22:04,75.69140625,3.83
06:22:05,75.69140625,3.83
06:22:06,75.69140625,3.82875
06:22:07,75.69140625,3.8275
06:22:08,75.69140625,3.82625
06:22:09,75.69140625,3.825
06:22:10,75.69140625,3.825
06:22:11,75.69140625,3.825
06:22:12,75.69140625,3.8225
06:22:13,75.69140625,3.8225
06:22:14,75.52734375,3.82125
06:22:15,75.52734375,3.82
06:22:16,75.52734375,3.82
06:22:17,75.52734375,3.82
06:22:18,75.52734375,3.8175
06:22:19,75.52734375,3.8175
06:22:20,75.52734375,3.8175
06:22:21,75.52734375,3.81625
06:22:22,75.52734375,3.815
06:22:23,75.52734375,3.81375
06:22:24,75.52734375,3.88125
06:22:25,75.52734375,3.885
06:22:26,75.52734375,3.8875
06:22:27,75.3671875,3.895
06:22:28,75.3671875,3.89625
06:22:29,75.3671875,3.89875
06:22:30,75.3671875,3.9
06:22:31,75.3671875,3.90125
06:22:32,75.3671875,3.9025
06:22:33,75.3671875,3.9025
06:22:34,75.3671875,3.90375
06:22:35,75.3671875,3.905
06:22:36,75.3671875,3.90625
06:22:37,75.3671875,3.90625
06:22:38,75.3671875,3.9075
06:22:39,75.3671875,3.9075
06:22:40,75.3671875,3.90875
06:22:41,75.3671875,3.91
06:22:42,75.3671875,3.91
06:22:43,75.3671875,3.91
06:22:44,75.3671875,3.91125
06:22:45,75.3671875,3.91125
06:22:46,75.3671875,3.9125
06:22:47,75.3671875,3.9125
06:22:48,75.3671875,3.9125
06:22:49,75.3671875,3.91375
06:22:50,75.3671875,3.91375
06:22:51,75.203125,3.915
06:22:52,75.203125,3.915
06:22:53,75.203125,3.915
06:22:54,75.203125,3.83625
06:22:55,75.203125,3.8325
06:22:56,75.203125,3.835
06:22:57,75.203125,3.8325
06:22:58,75.203125,3.83
06:22:59,75.203125,3.83
06:23:00,75.203125,3.8275
06:23:01,75.203125,3.8275
06:23:02,75.203125,3.825
06:23:03,75.203125,3.825
06:23:04,75.203125,3.82375
06:23:05,75.203125,3.8225
06:23:06,75.0390625,3.82125
06:23:07,75.0390625,3.82
06:23:08,75.0390625,3.82
06:23:09,75.0390625,3.8175
06:23:10,75.0390625,3.81625
06:23:11,75.0390625,3.815
06:23:12,75.0390625,3.815
06:23:13,75.0390625,3.815
06:23:14,75.0390625,3.81375
06:23:15,75.0390625,3.8125
06:23:16,75.0390625,3.8125
06:23:17,75.0390625,3.81125
06:23:18,74.875,3.81125
06:23:19,74.875,3.81
06:23:20,74.875,3.81
06:23:21,74.875,3.81
06:23:22,74.875,3.80875
06:23:23,74.875,3.8075
06:23:24,74.875,3.845
06:23:25,74.875,3.875
06:23:26,74.875,3.88125
06:23:27,74.875,3.885
06:23:28,74.875,3.88875
06:23:29,74.875,3.89
06:23:30,74.875,3.89125
06:23:31,74.875,3.8925
06:23:32,74.875,3.89375
06:23:33,74.875,3.895
06:23:34,74.7109375,3.895
06:23:35,74.7109375,3.8975
06:23:36,74.7109375,3.8975
06:23:37,74.7109375,3.89875
06:23:38,74.7109375,3.8975
06:23:39,74.7109375,3.9
06:23:40,74.7109375,3.9
06:23:41,74.7109375,3.90125
06:23:42,74.7109375,3.9025
06:23:43,74.7109375,3.9025
06:23:44,74.7109375,3.9025
06:23:45,74.7109375,3.90375
06:23:46,74.7109375,3.905
06:23:47,74.7109375,3.905
06:23:48,74.7109375,3.905
06:23:49,74.7109375,3.905
06:23:50,74.7109375,3.90625
06:23:51,74.7109375,3.9075
06:23:52,74.7109375,3.9075
06:23:53,74.7109375,3.9075
06:23:54,74.7109375,3.8525
06:23:55,74.7109375,3.82625
06:23:56,74.7109375,3.8275
06:23:57,74.546875,3.8275
06:23:58,74.546875,3.825
06:23:59,74.546875,3.82375
06:24:00,74.546875,3.82125
06:24:01,74.546875,3.82
06:24:02,74.546875,3.81875
06:24:03,74.546875,3.8175
06:24:04,74.546875,3.81625
06:24:05,74.546875,3.815
06:24:06,74.546875,3.8125
06:24:07,74.546875,3.8125
06:24:08,74.546875,3.79
06:24:09,74.3828125,3.785
06:24:10,74.3828125,3.7825
06:24:11,74.3828125,3.78
06:24:12,74.3828125,3.77875
06:24:13,74.3828125,3.77625
06:24:14,74.3828125,3.775
06:24:15,74.3828125,3.7725
06:24:16,74.3828125,3.7725
06:24:17,74.3828125,3.77
06:24:18,74.3828125,3.77
06:24:19,74.21875,3.7675
06:24:20,74.21875,3.7675
06:24:21,74.21875,3.765
06:24:22,74.21875,3.81125
06:24:23,74.21875,3.8625
06:24:24,74.21875,3.87
06:24:25,74.21875,3.875
06:24:26,74.21875,3.8775
06:24:27,74.21875,3.88375
06:24:28,74.21875,3.88
06:24:29,74.21875,3.88125
06:24:30,74.21875,3.88
06:24:31,74.21875,3.88375
06:24:32,74.21875,3.885
06:24:33,74.21875,3.885
06:24:34,74.21875,3.8875
06:24:35,74.21875,3.8875
06:24:36,74.0546875,3.875
06:24:37,74.0546875,3.8875
06:24:38,74.0546875,3.87875
06:24:39,74.0546875,3.88125
06:24:40,74.0546875,3.8775
06:24:41,74.0546875,3.85375
06:24:42,74.0546875,3.8675
06:24:43,74.0546875,3.87125
06:24:44,74.0546875,3.8775
06:24:45,74.0546875,3.8775
06:24:46,74.0546875,3.8875
06:24:47,74.0546875,3.88875
06:24:48,74.0546875,3.87625
06:24:49,74.0546875,3.865
06:24:50,74.0546875,3.865
06:24:51,74.0546875,3.8775
06:24:52,74.0546875,3.88875
06:24:53,74.0546875,3.89
06:24:54,74.0546875,3.8875
06:24:55,74.0546875,3.87
06:24:56,73.890625,3.89375
06:24:57,73.890625,3.895
06:24:58,73.890625,3.89625
06:24:59,73.890625,3.89375
06:25:00,73.890625,3.8925
06:25:01,73.890625,3.89625
06:25:02,73.890625,3.8975
06:25:03,73.890625,3.8975
06:25:04,73.890625,3.89
06:25:05,73.890625,3.8825
06:25:06,73.890625,3.8875
06:25:07,73.890625,3.88875
06:25:08,73.890625,3.8875
06:25:09,73.890625,3.8875
06:25:10,73.890625,3.8825
06:25:11,73.890625,3.885
06:25:12,73.890625,3.88625
06:25:13,73.890625,3.885
06:25:14,73.890625,3.88625
06:25:15,73.890625,3.885
06:25:16,73.890625,3.885
06:25:17,73.890625,3.89
06:25:18,73.890625,3.895
06:25:19,73.7265625,3.88625
06:25:20,73.7265625,3.88625
06:25:21,73.7265625,3.8925
06:25:22,73.7265625,3.88
06:25:23,73.7265625,3.88
06:25:24,73.7265625,3.87875
06:25:25,73.7265625,3.89
06:25:26,73.7265625,3.8925
06:25:27,73.7265625,3.8925
06:25:28,73.7265625,3.8925
06:25:29,73.7265625,3.89375
06:25:30,73.7265625,3.89125
06:25:31,73.7265625,3.8925
06:25:32,73.7265625,3.89375
06:25:33,73.7265625,3.895
06:25:34,73.7265625,3.895
06:25:35,73.7265625,3.895
06:25:36,73.7265625,3.895
06:25:37,73.7265625,3.895
06:25:38,73.7265625,3.895
06:25:39,73.7265625,3.895
06:25:40,73.7265625,3.8925
06:25:41,73.7265625,3.895
06:25:42,73.7265625,3.895
06:25:43,73.5625,3.895
06:25:44,73.5625,3.89625
06:25:45,73.5625,3.895
06:25:46,73.5625,3.89625
06:25:47,73.5625,3.89375
06:25:48,73.5625,3.89625
06:25:49,73.5625,3.89625
06:25:50,73.5625,3.89625
06:25:51,73.5625,3.89625
06:25:52,73.5625,3.89625
06:25:53,73.5625,3.89625
06:25:54,73.5625,3.89625
06:25:55,73.5625,3.8975
06:25:56,73.5625,3.89625
06:25:57,73.5625,3.8975
06:25:58,73.5625,3.89625
06:25:59,73.5625,3.89625
06:26:00,73.5625,3.8975
06:26:01,73.5625,3.8975
06:26:02,73.5625,3.8975
06:26:03,73.5625,3.8975
06:26:04,73.5625,3.8975
06:26:05,73.5625,3.8975
06:26:06,73.5625,3.8975
06:26:07,73.5625,3.8975
06:26:08,73.5625,3.8975
06:26:09,73.3984375,3.8975
06:26:10,73.3984375,3.8975
06:26:11,73.3984375,3.89625
06:26:12,73.3984375,3.8975
06:26:13,73.3984375,3.8975
06:26:14,73.3984375,3.8975
06:26:15,73.3984375,3.8975
06:26:16,73.3984375,3.8975
06:26:17,73.3984375,3.8975
06:26:18,73.3984375,3.8975
06:26:19,73.3984375,3.8975
06:26:20,73.3984375,3.88375
06:26:21,73.3984375,3.88375
06:26:22,73.3984375,3.89625
06:26:23,73.3984375,3.8975
06:26:24,73.3984375,3.8975
06:26:25,73.3984375,3.89625
06:26:26,73.3984375,3.89625
06:26:27,73.3984375,3.8975
06:26:28,73.3984375,3.8975
06:26:29,73.3984375,3.89625
06:26:30,73.3984375,3.89625
06:26:31,73.3984375,3.8975
06:26:32,73.3984375,3.8975
06:26:33,73.3984375,3.8975
06:26:34,73.3984375,3.8975
06:26:35,73.234375,3.8975
06:26:36,73.234375,3.8975
06:26:37,73.234375,3.8975
06:26:38,73.234375,3.8975
06:26:39,73.234375,3.8975
06:26:40,73.234375,3.8975
06:26:41,73.234375,3.8975
06:26:42,73.234375,3.8975
06:26:43,73.234375,3.89625
06:26:44,73.234375,3.8975
06:26:45,73.234375,3.8975
06:26:46,73.234375,3.8975
06:26:47,73.234375,3.8975
06:26:48,73.234375,3.8975
06:26:49,73.234375,3.8975
06:26:50,73.234375,3.8975
06:26:51,73.234375,3.8975
06:26:52,73.234375,3.8975
06:26:53,73.234375,3.8975
06:26:54,73.234375,3.8975
06:26:55,73.234375,3.8975
06:26:56,73.234375,3.8975
06:26:57,73.234375,3.8975
06:26:58,73.234375,3.8975
06:26:59,73.234375,3.8975
06:27:00,73.234375,3.8975
06:27:01,73.234375,3.8975
06:27:02,73.234375,3.8975
06:27:03,73.0703125,3.8975
06:27:04,73.0703125,3.8975
06:27:05,73.0703125,3.89625
06:27:06,73.0703125,3.8875
06:27:07,73.0703125,3.8875
06:27:08,73.0703125,3.885
06:27:09,73.0703125,3.8875
06:27:10,73.0703125,3.895
06:27:11,73.0703125,3.895
06:27:12,73.0703125,3.895
06:27:13,73.0703125,3.89625
06:27:14,73.0703125,3.895
06:27:15,73.0703125,3.89625
06:27:16,73.0703125,3.895
06:27:17,73.0703125,3.89625
06:27:18,73.0703125,3.89625
06:27:19,73.0703125,3.895
06:27:20,73.0703125,3.89625
06:27:21,73.0703125,3.89625
06:27:22,73.0703125,3.89625
06:27:23,73.0703125,3.89625
06:27:24,73.0703125,3.895
06:27:25,73.0703125,3.895
06:27:26,73.0703125,3.89625
06:27:27,73.0703125,3.895
06:27:28,73.0703125,3.89625
06:27:29,72.90625,3.895
06:27:30,72.90625,3.895
06:27:31,72.90625,3.895
06:27:32,72.90625,3.89625
06:27:33,72.90625,3.89625
06:27:34,72.90625,3.895
06:27:35,72.90625,3.8825
06:27:36,72.90625,3.8825
06:27:37,72.90625,3.89
06:27:38,72.90625,3.895
06:27:39,72.90625,3.895
06:27:40,72.90625,3.895
06:27:41,72.90625,3.895
06:27:42,72.90625,3.895
06:27:43,72.90625,3.895
06:27:44,72.90625,3.895
06:27:45,72.90625,3.895
06:27:46,72.90625,3.895
06:27:47,72.90625,3.895
06:27:48,72.90625,3.895
06:27:49,72.90625,3.895
06:27:50,72.90625,3.895
06:27:51,72.90625,3.895
06:27:52,72.90625,3.895
06:27:53,72.90625,3.895
06:27:54,72.90625,3.895
06:27:55,72.90625,3.895
06:27:56,72.7421875,3.895
06:27:57,72.7421875,3.895
06:27:58,72.7421875,3.895
06:27:59,72.7421875,3.895
06:28:00,72.7421875,3.895
06:28:01,72.7421875,3.895
06:28:02,72.7421875,3.895
06:28:03,72.7421875,3.89375
06:28:04,72.7421875,3.89375
06:28:05,72.7421875,3.895
06:28:06,72.7421875,3.89375
06:28:07,72.7421875,3.895
06:28:08,72.7421875,3.895
06:28:09,72.7421875,3.89375
06:28:10,72.7421875,3.89375
06:28:11,72.7421875,3.89375
06:28:12,72.7421875,3.89375
06:28:13,72.7421875,3.89375
06:28:14,72.7421875,3.89375
06:28:15,72.7421875,3.89375
06:28:16,72.7421875,3.895
06:28:17,72.7421875,3.89375
06:28:18,72.7421875,3.8925
06:28:19,72.7421875,3.89375
06:28:20,72.7421875,3.89375
06:28:21,72.7421875,3.89375
06:28:22,72.7421875,3.89375
06:28:23,72.578125,3.89375
06:28:24,72.578125,3.8925
06:28:25,72.578125,3.8925
06:28:26,72.578125,3.8925
06:28:27,72.578125,3.8925
06:28:28,72.578125,3.8925
06:28:29,72.578125,3.8925
06:28:30,72.578125,3.8925
06:28:31,72.578125,3.8925
06:28:32,72.578125,3.8925
06:28:33,72.578125,3.8925
06:28:34,72.578125,3.8925
06:28:35,72.578125,3.8925
06:28:36,72.578125,3.8925
06:28:37,72.578125,3.8925
06:28:38,72.578125,3.8925
06:28:39,72.578125,3.8925
06:28:40,72.578125,3.8925
06:28:41,72.578125,3.8925
06:28:42,72.578125,3.8925
06:28:43,72.578125,3.8925
06:28:44,72.578125,3.8925
06:28:45,72.578125,3.8925
06:28:46,72.578125,3.8925
06:28:47,72.578125,3.8925
06:28:48,72.578125,3.8925
06:28:49,72.578125,3.8925
06:28:50,72.4140625,3.8925
06:28:51,72.4140625,3.8925
06:28:52,72.4140625,3.8925
06:28:53,72.4140625,3.8925
06:28:54,72.4140625,3.8925
06:28:55,72.4140625,3.89125
06:28:56,72.4140625,3.8925
06:28:57,72.4140625,3.8925
06:28:58,72.4140625,3.89125
06:28:59,72.4140625,3.8925
06:29:00,72.4140625,3.8925
06:29:01,72.4140625,3.89
06:29:02,72.4140625,3.89125
06:29:03,72.4140625,3.8925
06:29:04,72.4140625,3.89125
06:29:05,72.4140625,3.89125
06:29:06,72.4140625,3.89
06:29:07,72.4140625,3.89125
06:29:08,72.4140625,3.89125
06:29:09,72.4140625,3.89125
06:29:10,72.4140625,3.8775
06:29:11,72.4140625,3.8875
06:29:12,72.4140625,3.89
06:29:13,72.4140625,3.89
06:29:14,72.4140625,3.89
06:29:15,72.4140625,3.89
06:29:16,72.4140625,3.89
06:29:17,72.25,3.89
06:29:18,72.25,3.89
06:29:19,72.25,3.89
06:29:20,72.25,3.89
06:29:21,72.25,3.89
06:29:22,72.25,3.89
06:29:23,72.25,3.89
06:29:24,72.25,3.89
06:29:25,72.25,3.89
06:29:26,72.25,3.89
06:29:27,72.25,3.89
06:29:28,72.25,3.89
06:29:29,72.25,3.89
06:29:30,72.25,3.89
06:29:31,72.25,3.89
06:29:32,72.25,3.89
06:29:33,72.25,3.89
06:29:34,72.25,3.89
06:29:35,72.25,3.89
06:29:36,72.25,3.89
06:29:37,72.25,3.8875
06:29:38,72.25,3.89
06:29:39,72.25,3.89
06:29:40,72.25,3.89
06:29:41,72.25,3.88875
06:29:42,72.25,3.88875
06:29:43,72.25,3.89
06:29:44,72.0859375,3.88875
06:29:45,72.0859375,3.8875
06:29:46,72.0859375,3.88875
06:29:47,72.0859375,3.88875
06:29:48,72.0859375,3.88875
06:29:49,72.0859375,3.8875
06:29:50,72.0859375,3.88875
06:29:51,72.0859375,3.8875
06:29:52,72.0859375,3.88875
06:29:53,72.0859375,3.88875
06:29:54,72.0859375,3.88875
06:29:55,72.0859375,3.88875
06:29:56,72.0859375,3.88875
06:29:57,72.0859375,3.8875
06:29:58,72.0859375,3.8875
06:29:59,72.0859375,3.8875
06:30:00,72.0859375,3.8875
06:30:01,72.0859375,3.8875
06:30:02,72.0859375,3.8875
06:30:03,72.0859375,3.8875
06:30:04,72.0859375,3.8875
06:30:05,72.0859375,3.8875
06:30:06,72.0859375,3.8875
06:30:08,72.0859375,3.8875
06:30:09,72.0859375,3.8875
06:30:10,72.0859375,3.8875
06:30:11,71.921875,3.8875
06:30:12,71.921875,3.8875
06:30:13,71.921875,3.8875
06:30:14,71.921875,3.825
06:30:15,71.921875,3.785
06:30:16,71.921875,3.77875
06:30:17,71.921875,3.775
06:30:18,71.921875,3.77125
06:30:19,71.921875,3.76875
06:30:20,71.921875,3.765
06:30:21,71.921875,3.7625
06:30:22,71.921875,3.76
06:30:23,71.921875,3.75875
06:30:24,71.7578125,3.75625
06:30:25,71.7578125,3.755
06:30:26,71.7578125,3.7525
06:30:27,71.7578125,3.75
06:30:28,71.7578125,3.74875
06:30:29,71.7578125,3.7475
06:30:30,71.7578125,3.745
06:30:31,71.7578125,3.7425
06:30:32,71.7578125,3.7425
06:30:33,71.7578125,3.74
06:30:34,71.59375,3.73875
06:30:35,71.59375,3.7375
06:30:36,71.59375,3.735
06:30:37,71.59375,3.735
06:30:38,71.59375,3.7325
06:30:39,71.59375,3.7325
06:30:40,71.59375,3.73
06:30:41,71.59375,3.72875
06:30:42,71.59375,3.7275
06:30:43,71.4296875,3.72625
06:30:44,71.4296875,3.7875
06:30:45,71.4296875,3.825
06:30:46,71.4296875,3.83
06:30:47,71.4296875,3.83125
06:30:48,71.4296875,3.83375
06:30:49,71.4296875,3.835
06:30:50,71.4296875,3.8375
06:30:51,71.4296875,3.83875
06:30:52,71.4296875,3.84
06:30:53,71.4296875,3.84
06:30:54,71.4296875,3.8425
06:30:55,71.4296875,3.84375
06:30:56,71.4296875,3.845
06:30:57,71.4296875,3.845
06:30:58,71.265625,3.845
06:30:59,71.265625,3.8475
06:31:00,71.265625,3.8475
06:31:01,71.265625,3.8475
06:31:02,71.265625,3.85
06:31:03,71.265625,3.85
06:31:04,71.265625,3.85
06:31:05,71.265625,3.85125
06:31:06,71.265625,3.8525
06:31:07,71.265625,3.8525
06:31:08,71.265625,3.8525
06:31:09,71.265625,3.8525
06:31:10,71.265625,3.85375
06:31:11,71.265625,3.855
06:31:12,71.265625,3.855
06:31:13,71.265625,3.855
06:31:14,71.265625,3.78
06:31:15,71.265625,3.755
06:31:16,71.1015625,3.75
06:31:17,71.1015625,3.74625
06:31:18,71.1015625,3.74375
06:31:19,71.1015625,3.74
06:31:20,71.1015625,3.7375
06:31:21,71.1015625,3.73625
06:31:22,71.1015625,3.73375
06:31:23,71.1015625,3.7325
06:31:24,71.1015625,3.73
06:31:25,70.9375,3.72875
06:31:26,70.9375,3.7275
06:31:27,70.9375,3.725
06:31:28,70.9375,3.725
06:31:29,70.9375,3.7225
06:31:30,70.9375,3.72125
06:31:31,70.9375,3.72
06:31:32,70.9375,3.7175
06:31:33,70.9375,3.7175
06:31:34,70.7734375,3.715
06:31:35,70.7734375,3.715
06:31:36,70.7734375,3.71375
06:31:37,70.7734375,3.7125
06:31:38,70.7734375,3.71125
06:31:39,70.7734375,3.71
06:31:40,70.7734375,3.71
06:31:41,70.7734375,3.7075
06:31:42,70.7734375,3.7075
06:31:43,70.609375,3.70625
06:31:44,70.609375,3.78875
06:31:45,70.609375,3.8025
06:31:46,70.609375,3.8075
06:31:47,70.609375,3.81
06:31:48,70.609375,3.8125
06:31:49,70.609375,3.81375
06:31:50,70.609375,3.815
06:31:51,70.609375,3.8175
06:31:52,70.609375,3.81875
06:31:53,70.609375,3.82
06:31:54,70.609375,3.82125
06:31:55,70.609375,3.8225
06:31:56,70.4453125,3.8225
06:31:57,70.4453125,3.825
06:31:58,70.4453125,3.825
06:31:59,70.4453125,3.82625
06:32:00,70.4453125,3.8275
06:32:01,70.4453125,3.8275
06:32:02,70.4453125,3.82875
06:32:03,70.4453125,3.83
06:32:04,70.4453125,3.83
06:32:05,70.4453125,3.83125
06:32:06,70.4453125,3.83125
06:32:07,70.4453125,3.8325
06:32:08,70.4453125,3.8325
06:32:09,70.4453125,3.83375
06:32:10,70.4453125,3.83375
06:32:11,70.4453125,3.835
06:32:12,70.4453125,3.835
06:32:13,70.28125,3.83625
06:32:14,70.28125,3.74375
06:32:15,70.28125,3.7375
06:32:16,70.28125,3.7325
06:32:17,70.28125,3.73
06:32:18,70.28125,3.72625
06:32:19,70.28125,3.72375
06:32:20,70.28125,3.7225
06:32:21,70.28125,3.72
06:32:22,70.28125,3.7175
06:32:23,70.1171875,3.71625
06:32:24,70.1171875,3.715
06:32:25,70.1171875,3.7125
06:32:26,70.1171875,3.71125
06:32:27,70.1171875,3.71
06:32:28,70.1171875,3.70875
06:32:29,70.1171875,3.7075
06:32:30,70.1171875,3.705
06:32:31,70.1171875,3.705
06:32:32,69.953125,3.7025
06:32:33,69.953125,3.7025
06:32:34,69.953125,3.70125
06:32:35,69.953125,3.7
06:32:36,69.953125,3.69875
06:32:37,69.953125,3.6975
06:32:38,69.953125,3.6975
06:32:39,69.953125,3.69625
06:32:40,69.7890625,3.695
06:32:41,69.7890625,3.69375
06:32:42,69.7890625,3.6925
06:32:43,69.7890625,3.6925
06:32:44,69.7890625,3.78375
06:32:45,69.7890625,3.78875
06:32:46,69.7890625,3.7925
06:32:47,69.7890625,3.795
06:32:48,69.7890625,3.79625
06:32:49,69.7890625,3.79875
06:32:50,69.7890625,3.8
06:32:51,69.625,3.8025
06:32:52,69.625,3.8025
06:32:53,69.625,3.805
06:32:54,69.625,3.805
06:32:55,69.625,3.8075
06:32:56,69.625,3.8075
06:32:57,69.625,3.8075
06:32:58,69.625,3.81
06:32:59,69.625,3.81
06:33:00,69.625,3.81125
06:33:01,69.625,3.8125
06:33:02,69.625,3.81375
06:33:03,69.625,3.815
06:33:04,69.625,3.815
06:33:05,69.625,3.815
06:33:06,69.4609375,3.81625
06:33:07,69.4609375,3.8175
06:33:08,69.4609375,3.8175
06:33:09,69.4609375,3.8175
06:33:10,69.4609375,3.81875
06:33:11,69.4609375,3.81875
06:33:12,69.4609375,3.82
06:33:13,69.4609375,3.82
06:33:14,69.4609375,3.7275
06:33:15,69.4609375,3.7225
06:33:16,69.4609375,3.7175
06:33:17,69.4609375,3.715
06:33:18,69.4609375,3.7125
06:33:19,69.296875,3.71
06:33:20,69.296875,3.7075
06:33:21,69.296875,3.70625
06:33:22,69.296875,3.705
06:33:23,69.296875,3.7025
06:33:24,69.296875,3.70125
06:33:25,69.296875,3.7
06:33:26,69.296875,3.6975
06:33:27,69.1328125,3.6975
06:33:28,69.1328125,3.695
06:33:29,69.1328125,3.69375
06:33:30,69.1328125,3.6925
06:33:31,69.1328125,3.6925
06:33:32,69.1328125,3.69
06:33:33,69.1328125,3.69
06:33:34,69.1328125,3.68875
06:33:35,69.1328125,3.6875
06:33:36,68.96875,3.68625
06:33:37,68.96875,3.685
06:33:38,68.96875,3.685
06:33:39,68.96875,3.68375
06:33:40,68.96875,3.6825
06:33:41,68.96875,3.68125
06:33:42,68.96875,3.68125
06:33:43,68.96875,3.68
06:33:44,68.8046875,3.77125
06:33:45,68.8046875,3.77625
06:33:46,68.8046875,3.77875
06:33:47,68.8046875,3.78125
06:33:48,68.8046875,3.7825
06:33:49,68.8046875,3.785
06:33:50,68.8046875,3.7875
06:33:51,68.8046875,3.7875
06:33:52,68.8046875,3.79
06:33:53,68.8046875,3.79
06:33:54,68.8046875,3.7925
06:33:55,68.8046875,3.7925
06:33:56,68.640625,3.79375
06:33:57,68.640625,3.795
06:33:58,68.640625,3.79625
06:33:59,68.640625,3.7975
06:34:00,68.640625,3.7975
06:34:01,68.640625,3.79875
06:34:02,68.640625,3.8
06:34:03,68.640625,3.8
06:34:04,68.640625,3.8
06:34:05,68.640625,3.80125
06:34:06,68.640625,3.8025
06:34:07,68.640625,3.8025
06:34:08,68.640625,3.80375
06:34:09,68.640625,3.80375
06:34:10,68.640625,3.805
06:34:11,68.4765625,3.805
06:34:12,68.4765625,3.80625
06:34:13,68.4765625,3.80625
06:34:14,68.4765625,3.7125
06:34:15,68.4765625,3.70875
06:34:16,68.4765625,3.705
06:34:17,68.4765625,3.7025
06:34:18,68.4765625,3.7
06:34:19,68.4765625,3.69875
06:34:20,68.4765625,3.6975
06:34:21,68.3125,3.695
06:34:22,68.3125,3.6925
06:34:23,68.3125,3.69125
06:34:24,68.3125,3.69
06:34:25,68.3125,3.6875
06:34:26,68.3125,3.68625
06:34:27,68.3125,3.685
06:34:28,68.3125,3.685
06:34:29,68.16796875,3.6825
06:34:30,68.16796875,3.6825
06:34:31,68.16796875,3.68
06:34:32,68.16796875,3.68
06:34:33,68.16796875,3.67875
06:34:34,68.16796875,3.6775
06:34:35,68.16796875,3.67625
06:34:36,68.0234375,3.675
06:34:37,68.0234375,3.675
06:34:38,68.0234375,3.67375
06:34:39,68.0234375,3.6725
06:34:40,68.0234375,3.6725
06:34:41,68.0234375,3.67
06:34:42,68.0234375,3.67
06:34:43,68.0234375,3.67
06:34:44,67.87890625,3.76
06:34:45,67.87890625,3.765
06:34:46,67.87890625,3.7675
06:34:47,67.87890625,3.77
06:34:48,67.87890625,3.77125
06:34:49,67.87890625,3.7725
06:34:50,67.87890625,3.77375
06:34:51,67.87890625,3.77625
06:34:52,67.87890625,3.7775
06:34:53,67.87890625,3.7775
06:34:54,67.87890625,3.78
06:34:55,67.734375,3.78
06:34:56,67.734375,3.78125
06:34:57,67.734375,3.7825
06:34:58,67.734375,3.78375
06:34:59,67.734375,3.785
06:35:00,67.734375,3.785
06:35:01,67.734375,3.785
06:35:02,67.734375,3.7875
06:35:03,67.734375,3.7875
06:35:04,67.734375,3.7875
06:35:05,67.734375,3.78875
06:35:06,67.734375,3.79
06:35:07,67.734375,3.79
06:35:08,67.58984375,3.79125
06:35:09,67.58984375,3.79125
06:35:10,67.58984375,3.7925
06:35:11,67.58984375,3.7925
06:35:12,67.58984375,3.7925
06:35:13,67.58984375,3.79375
06:35:14,67.58984375,3.7025
06:35:15,67.58984375,3.6975
06:35:16,67.58984375,3.695
06:35:17,67.58984375,3.69125
06:35:18,67.58984375,3.68875
06:35:19,67.4453125,3.6875
06:35:20,67.4453125,3.685
06:35:21,67.4453125,3.6825
06:35:22,67.4453125,3.6825
06:35:23,67.4453125,3.68
06:35:24,67.4453125,3.67875
06:35:25,67.4453125,3.6775
06:35:26,67.30078125,3.675
06:35:27,67.30078125,3.675
06:35:28,67.30078125,3.67375
06:35:29,67.30078125,3.6725
06:35:30,67.30078125,3.67
06:35:31,67.30078125,3.67
06:35:32,67.30078125,3.66875
06:35:33,67.30078125,3.6675
06:35:34,67.15625,3.6675
06:35:35,67.15625,3.66625
06:35:36,67.15625,3.665
06:35:37,67.15625,3.66375
06:35:38,67.15625,3.6625
06:35:39,67.15625,3.6625
06:35:40,67.15625,3.66125
06:35:41,67.01171875,3.66
06:35:42,67.01171875,3.65875
06:35:43,67.01171875,3.65875
06:35:44,67.01171875,3.75
06:35:45,67.01171875,3.7525
06:35:46,67.01171875,3.755
06:35:47,67.01171875,3.7575
06:35:48,67.01171875,3.76
06:35:49,67.01171875,3.76125
06:35:50,66.8671875,3.7625
06:35:51,66.8671875,3.76375
06:35:52,66.8671875,3.765
06:35:53,66.8671875,3.76625
06:35:54,66.8671875,3.7675
06:35:55,66.8671875,3.76875
06:35:56,66.8671875,3.77
06:35:57,66.8671875,3.77
06:35:58,66.8671875,3.7725
06:35:59,66.8671875,3.7725
06:36:00,66.8671875,3.7725
06:36:01,66.8671875,3.775
06:36:02,66.72265625,3.775
06:36:03,66.72265625,3.775
06:36:04,66.72265625,3.77625
06:36:05,66.72265625,3.7775
06:36:06,66.72265625,3.7775
06:36:07,66.72265625,3.7775
06:36:08,66.72265625,3.77875
06:36:09,66.72265625,3.7775
06:36:10,66.72265625,3.78
06:36:11,66.72265625,3.78
06:36:12,66.72265625,3.78125
06:36:13,66.72265625,3.78
06:36:14,66.72265625,3.69
06:36:15,66.578125,3.68625
06:36:16,66.578125,3.6825
06:36:17,66.578125,3.68
06:36:18,66.578125,3.6775
06:36:19,66.578125,3.67625
06:36:20,66.578125,3.675
06:36:21,66.578125,3.6725
06:36:22,66.578125,3.67125
06:36:23,66.43359375,3.67
06:36:24,66.43359375,3.6675
06:36:25,66.43359375,3.66625
06:36:26,66.43359375,3.665
06:36:27,66.43359375,3.665
06:36:28,66.43359375,3.6625
06:36:29,66.43359375,3.66125
06:36:30,66.2890625,3.66
06:36:31,66.2890625,3.66
06:36:32,66.2890625,3.6575
06:36:33,66.2890625,3.6575
06:36:34,66.2890625,3.65625
06:36:35,66.2890625,3.655
06:36:36,66.2890625,3.65375
06:36:37,66.14453125,3.6525
06:36:38,66.14453125,3.6525
06:36:39,66.14453125,3.65125
06:36:40,66.14453125,3.65
06:36:41,66.14453125,3.64875
06:36:42,66.14453125,3.64875
06:36:43,66.14453125,3.6475
06:36:44,66.0,3.7375
06:36:45,66.0,3.7425
06:36:46,66.0,3.7425
06:36:47,66.0,3.74625
06:36:48,66.0,3.7475
06:36:49,66.0,3.75
06:36:50,66.0,3.75125
06:36:51,66.0,3.7525
06:36:52,66.0,3.75375
06:36:53,66.0,3.755
06:36:54,66.0,3.75625
06:36:55,66.0,3.7575
06:36:56,65.85546875,3.7575
06:36:57,65.85546875,3.75875
06:36:58,65.85546875,3.76
06:36:59,65.85546875,3.76
06:37:00,65.85546875,3.76
06:37:01,65.85546875,3.7625
06:37:02,65.85546875,3.7625
06:37:03,65.85546875,3.76375
06:37:04,65.85546875,3.765
06:37:05,65.85546875,3.765
06:37:06,65.85546875,3.765
06:37:07,65.85546875,3.76625
06:37:08,65.7109375,3.76625
06:37:09,65.7109375,3.7675
06:37:10,65.7109375,3.7675
06:37:11,65.7109375,3.7675
06:37:12,65.7109375,3.76875
06:37:13,65.7109375,3.7675
06:37:14,65.7109375,3.6775
06:37:15,65.7109375,3.67375
06:37:16,65.7109375,3.67125
06:37:17,65.7109375,3.6675
06:37:18,65.56640625,3.66625
06:37:19,65.56640625,3.665
06:37:20,65.56640625,3.6625
06:37:21,65.56640625,3.66125
06:37:22,65.56640625,3.65875
06:37:23,65.56640625,3.6575
06:37:24,65.56640625,3.6575
06:37:25,65.56640625,3.655
06:37:26,65.421875,3.65375
06:37:27,65.421875,3.6525
06:37:28,65.421875,3.65125
06:37:29,65.421875,3.65
06:37:30,65.421875,3.64875
06:37:31,65.421875,3.6475
06:37:32,65.421875,3.6475
06:37:33,65.27734375,3.645
06:37:34,65.27734375,3.645
06:37:35,65.27734375,3.64375
06:37:36,65.27734375,3.6425
06:37:37,65.27734375,3.6425
06:37:38,65.27734375,3.64125
06:37:39,65.27734375,3.64
06:37:40,65.1328125,3.64
06:37:41,65.1328125,3.63875
06:37:42,65.1328125,3.6375
06:37:43,65.1328125,3.6425
06:37:44,65.1328125,3.725
06:37:45,65.1328125,3.73
06:37:46,65.1328125,3.7325
06:37:47,65.1328125,3.73375
06:37:48,64.98828125,3.735
06:37:49,64.98828125,3.7375
06:37:50,64.98828125,3.73875
06:37:51,64.98828125,3.74
06:37:52,64.98828125,3.74125
06:37:53,64.98828125,3.7425
06:37:54,64.98828125,3.74375
06:37:55,64.98828125,3.745
06:37:56,64.98828125,3.74625
06:37:57,64.98828125,3.7475
06:37:58,64.98828125,3.7475
06:37:59,64.98828125,3.74875
06:38:00,64.84375,3.75
06:38:01,64.84375,3.75
06:38:02,64.84375,3.75125
06:38:03,64.84375,3.75125
06:38:04,64.84375,3.7525
06:38:05,64.84375,3.7525
06:38:06,64.84375,3.75375
06:38:07,64.84375,3.755
06:38:08,64.84375,3.755
06:38:09,64.84375,3.755
06:38:10,64.84375,3.755
06:38:11,64.84375,3.75625
06:38:12,64.69921875,3.7575
06:38:13,64.69921875,3.7575
06:38:14,64.69921875,3.66875
06:38:15,64.69921875,3.66375
06:38:16,64.69921875,3.66125
06:38:17,64.69921875,3.65875
06:38:18,64.69921875,3.65625
06:38:19,64.69921875,3.655
06:38:20,64.69921875,3.6525
06:38:21,64.5546875,3.65
06:38:22,64.5546875,3.65
06:38:23,64.5546875,3.6475
06:38:24,64.5546875,3.64625
06:38:25,64.5546875,3.645
06:38:26,64.5546875,3.64375
06:38:27,64.5546875,3.6425
06:38:28,64.41015625,3.64125
06:38:29,64.41015625,3.64
06:38:30,64.41015625,3.63875
06:38:31,64.41015625,3.6375
06:38:32,64.41015625,3.6375
06:38:33,64.41015625,3.63625
06:38:34,64.41015625,3.635
06:38:35,64.265625,3.635
06:38:36,64.265625,3.6325
06:38:37,64.265625,3.6325
06:38:38,64.265625,3.63125
06:38:39,64.265625,3.63
06:38:40,64.265625,3.63
06:38:41,64.265625,3.62875
06:38:42,64.12109375,3.6275
06:38:43,64.12109375,3.6275
06:38:44,64.12109375,3.715
06:38:45,64.12109375,3.7175
06:38:46,64.12109375,3.72
06:38:47,64.12109375,3.7225
06:38:48,64.12109375,3.725
06:38:49,64.12109375,3.7275
06:38:50,64.12109375,3.7275
06:38:51,64.12109375,3.72875
06:38:52,63.9765625,3.73
06:38:53,63.9765625,3.73125
06:38:54,63.9765625,3.7325
06:38:55,63.9765625,3.73375
06:38:56,63.9765625,3.735
06:38:57,63.9765625,3.735
06:38:58,63.9765625,3.73625
06:38:59,63.9765625,3.7375
06:39:00,63.9765625,3.7375
06:39:01,63.9765625,3.73875
06:39:02,63.9765625,3.73875
06:39:03,63.83203125,3.74
06:39:04,63.83203125,3.74
06:39:05,63.83203125,3.74125
06:39:06,63.83203125,3.7425
06:39:07,63.83203125,3.7425
06:39:08,63.83203125,3.7425
06:39:09,63.83203125,3.74375
06:39:10,63.83203125,3.74375
06:39:11,63.83203125,3.745
06:39:12,63.83203125,3.745
06:39:13,63.83203125,3.745
06:39:14,63.83203125,3.6575
06:39:15,63.6875,3.6525
06:39:16,63.6875,3.65
06:39:17,63.6875,3.6475
06:39:18,63.6875,3.645
06:39:19,63.6875,3.64375
06:39:20,63.6875,3.6425
06:39:21,63.6875,3.64
06:39:22,63.54296875,3.63875
06:39:23,63.54296875,3.6375
06:39:24,63.54296875,3.635
06:39:25,63.54296875,3.635
06:39:26,63.54296875,3.6325
06:39:27,63.54296875,3.6325
06:39:28,63.54296875,3.63
06:39:29,63.3984375,3.63
06:39:30,63.3984375,3.63
06:39:32,63.3984375,3.6275
06:39:33,63.3984375,3.62625
06:39:34,63.3984375,3.625
06:39:35,63.3984375,3.625
06:39:36,63.3984375,3.6225
06:39:37,63.3984375,3.6225
06:39:38,63.25390625,3.6225
06:39:39,63.25390625,3.62125
06:39:40,63.25390625,3.62
06:39:41,63.25390625,3.61875
06:39:42,63.25390625,3.6175
06:39:43,63.25390625,3.6175
06:39:44,63.109375,3.6175
06:39:45,63.109375,3.705
06:39:46,63.109375,3.7075
06:39:47,63.109375,3.71
06:39:48,63.109375,3.7125
06:39:49,63.109375,3.715
06:39:50,63.109375,3.71625
06:39:51,63.109375,3.7175
06:39:52,63.109375,3.71875
06:39:53,63.109375,3.71875
06:39:54,63.109375,3.72125
06:39:55,62.96484375,3.72125
06:39:56,62.96484375,3.7225
06:39:57,62.96484375,3.72375
06:39:58,62.96484375,3.72375
06:39:59,62.96484375,3.725
06:40:00,62.96484375,3.72625
06:40:01,62.96484375,3.72625
06:40:02,62.96484375,3.7275
06:40:03,62.96484375,3.7275
06:40:04,62.96484375,3.72875
06:40:05,62.96484375,3.73
06:40:06,62.8203125,3.73
06:40:07,62.8203125,3.73125
06:40:08,62.8203125,3.73125
06:40:09,62.8203125,3.73125
06:40:10,62.8203125,3.7325
06:40:11,62.8203125,3.7325
06:40:12,62.8203125,3.7325
06:40:13,62.8203125,3.73375
06:40:14,62.8203125,3.73375
06:40:15,62.8203125,3.735
06:40:16,62.8203125,3.735
06:40:17,62.8203125,3.735
06:40:18,62.67578125,3.735
06:40:19,62.67578125,3.73625
06:40:20,62.67578125,3.73625
06:40:21,62.67578125,3.7375
06:40:22,62.67578125,3.7375
06:40:23,62.67578125,3.7375
06:40:24,62.67578125,3.7375
06:40:25,62.67578125,3.73875
06:40:26,62.67578125,3.73875
06:40:27,62.67578125,3.73875
06:40:28,62.67578125,3.73875
06:40:29,62.67578125,3.74
06:40:30,62.67578125,3.74
06:40:31,62.53125,3.74
06:40:32,62.53125,3.74
06:40:33,62.53125,3.74
06:40:34,62.53125,3.74
06:40:35,62.53125,3.74
06:40:36,62.53125,3.74
06:40:37,62.53125,3.74125
06:40:38,62.53125,3.74125
06:40:39,62.53125,3.7425
06:40:40,62.53125,3.7425
06:40:41,62.53125,3.7425
06:40:42,62.53125,3.7425
06:40:43,62.53125,3.7425
06:40:44,62.38671875,3.7425
06:40:45,62.38671875,3.7425
06:40:46,62.38671875,3.7425
06:40:47,62.38671875,3.7425
06:40:48,62.38671875,3.7425
06:40:49,62.38671875,3.7425
06:40:50,62.38671875,3.7425
06:40:51,62.38671875,3.7425
06:40:52,62.38671875,3.7425
06:40:53,62.38671875,3.7425
06:40:54,62.38671875,3.74375
06:40:55,62.38671875,3.74375
06:40:56,62.38671875,3.7425
06:40:57,62.2421875,3.74375
06:40:58,62.2421875,3.74375
06:40:59,62.2421875,3.74375
06:41:00,62.2421875,3.74375
06:41:01,62.2421875,3.74375
06:41:02,62.2421875,3.74375
06:41:03,62.2421875,3.745
06:41:04,62.2421875,3.74375
06:41:05,62.2421875,3.74375
06:41:06,62.2421875,3.745
06:41:07,62.2421875,3.74375
06:41:08,62.2421875,3.7425
06:41:09,62.2421875,3.74375
06:41:10,62.2421875,3.74375
06:41:11,62.09765625,3.745
06:41:12,62.09765625,3.745
06:41:13,62.09765625,3.745
06:41:14,62.09765625,3.745
06:41:15,62.09765625,3.745
06:41:16,62.09765625,3.745
06:41:17,62.09765625,3.745
06:41:18,62.09765625,3.74375
06:41:19,62.09765625,3.745
06:41:20,62.09765625,3.745
06:41:21,62.09765625,3.74375
06:41:22,62.09765625,3.745
06:41:23,62.09765625,3.745
06:41:24,61.953125,3.745
06:41:25,61.953125,3.745
06:41:26,61.953125,3.745
06:41:27,61.953125,3.745
06:41:28,61.953125,3.745
06:41:29,61.953125,3.745
06:41:30,61.953125,3.745
06:41:31,61.953125,3.745
06:41:32,61.953125,3.745
06:41:33,61.953125,3.745
06:41:34,61.953125,3.745
06:41:35,61.953125,3.7325
06:41:36,61.953125,3.74375
06:41:37,61.953125,3.745
06:41:38,61.80859375,3.74375
06:41:39,61.80859375,3.745
06:41:40,61.80859375,3.74375
06:41:41,61.80859375,3.745
06:41:42,61.80859375,3.745
06:41:43,61.80859375,3.74375
06:41:44,61.80859375,3.745
06:41:45,61.80859375,3.745
06:41:46,61.80859375,3.74375
06:41:47,61.80859375,3.745
06:41:48,61.80859375,3.74375
06:41:49,61.80859375,3.74375
06:41:50,61.80859375,3.745
06:41:51,61.80859375,3.74375
06:41:52,61.6640625,3.74375
06:41:53,61.6640625,3.745
06:41:54,61.6640625,3.74375
06:41:55,61.6640625,3.745
06:41:56,61.6640625,3.745
06:41:57,61.6640625,3.74375
06:41:58,61.6640625,3.745
06:41:59,61.6640625,3.745
06:42:00,61.6640625,3.745
06:42:01,61.6640625,3.745
06:42:02,61.6640625,3.745
06:42:03,61.6640625,3.74375
06:42:04,61.6640625,3.745
06:42:05,61.6640625,3.7425
06:42:06,61.51953125,3.74375
06:42:07,61.51953125,3.7425
06:42:08,61.51953125,3.7425
06:42:09,61.51953125,3.74375
06:42:10,61.51953125,3.74375
06:42:11,61.51953125,3.74375
06:42:12,61.51953125,3.74375
06:42:13,61.51953125,3.7425
06:42:14,61.51953125,3.74375
06:42:15,61.51953125,3.74375
06:42:16,61.51953125,3.7425
06:42:17,61.51953125,3.74375
06:42:18,61.51953125,3.74375
06:42:19,61.51953125,3.74375
06:42:20,61.375,3.74375
06:42:21,61.375,3.74375
06:42:22,61.375,3.74375
06:42:23,61.375,3.74375
06:42:24,61.375,3.7425
06:42:25,61.375,3.7425
06:42:26,61.375,3.7425
06:42:27,61.375,3.7425
06:42:28,61.375,3.7425
06:42:29,61.375,3.7425
06:42:30,61.375,3.7425
06:42:31,61.375,3.7425
06:42:32,61.375,3.7425
06:42:33,61.375,3.7425
06:42:34,61.375,3.7425
06:42:35,61.375,3.7425
06:42:36,61.375,3.7425
06:42:37,61.375,3.7425
06:42:38,61.375,3.7425
06:42:39,61.375,3.7425
06:42:40,61.375,3.7425
06:42:41,61.375,3.7425
06:42:42,61.375,3.7425
06:42:43,61.375,3.7425
06:42:44,61.375,3.7425
06:42:45,61.375,3.7425
06:42:46,61.375,3.7425
06:42:47,61.375,3.7425
06:42:48,61.375,3.7425
06:42:49,61.05859375,3.7425
06:42:50,61.05859375,3.7425
06:42:51,61.05859375,3.7425
06:42:52,61.05859375,3.7425
06:42:53,61.05859375,3.7425
06:42:54,61.05859375,3.7425
06:42:55,61.05859375,3.7425
06:42:56,61.05859375,3.7425
06:42:57,61.05859375,3.74125
06:42:58,61.05859375,3.7425
06:42:59,61.05859375,3.7425
06:43:00,61.05859375,3.7425
06:43:01,61.05859375,3.7425
06:43:02,61.05859375,3.74125
06:43:03,61.05859375,3.74
06:43:04,61.05859375,3.74125
06:43:05,61.05859375,3.74125
06:43:06,61.05859375,3.74125
06:43:07,61.05859375,3.7425
06:43:08,61.05859375,3.74125
06:43:09,61.05859375,3.74125
06:43:10,61.05859375,3.74125
06:43:11,61.05859375,3.74125
06:43:12,61.05859375,3.74125
06:43:13,61.05859375,3.74125
06:43:14,61.05859375,3.74
06:43:15,61.05859375,3.74125
06:43:16,61.05859375,3.74125
06:43:17,61.05859375,3.74125
06:43:18,61.05859375,3.74125
06:43:19,60.7421875,3.74125
06:43:20,60.7421875,3.74
06:43:21,60.7421875,3.74125
06:43:22,60.7421875,3.74125
06:43:23,60.7421875,3.74
06:43:24,60.7421875,3.74
06:43:25,60.7421875,3.74
06:43:26,60.7421875,3.74
06:43:27,60.7421875,3.74
06:43:28,60.7421875,3.74
06:43:29,60.7421875,3.74
06:43:30,60.7421875,3.74
06:43:31,60.7421875,3.74
06:43:32,60.7421875,3.74
06:43:33,60.7421875,3.74
06:43:34,60.7421875,3.74
06:43:35,60.7421875,3.74
06:43:36,60.7421875,3.74
06:43:37,60.7421875,3.74
06:43:38,60.7421875,3.74
06:43:39,60.7421875,3.74
06:43:40,60.7421875,3.74
06:43:41,60.7421875,3.74
06:43:42,60.7421875,3.74
06:43:43,60.7421875,3.74
06:43:44,60.7421875,3.74
06:43:45,60.7421875,3.74
06:43:46,60.7421875,3.74
06:43:47,60.7421875,3.74
06:43:48,60.42578125,3.74
06:43:49,60.42578125,3.74
06:43:50,60.42578125,3.73875
06:43:51,60.42578125,3.74
06:43:52,60.42578125,3.74
06:43:53,60.42578125,3.73875
06:43:54,60.42578125,3.74
06:43:55,60.42578125,3.74
06:43:56,60.42578125,3.74
06:43:57,60.42578125,3.73875
06:43:58,60.42578125,3.73875
06:43:59,60.42578125,3.74
06:44:00,60.42578125,3.74
06:44:01,60.42578125,3.7375
06:44:02,60.42578125,3.73875
06:44:03,60.42578125,3.73875
06:44:04,60.42578125,3.7375
06:44:05,60.42578125,3.73875
06:44:06,60.42578125,3.73875
06:44:07,60.42578125,3.73875
06:44:08,60.42578125,3.73875
06:44:09,60.42578125,3.7375
06:44:10,60.42578125,3.73875
06:44:11,60.42578125,3.7375
06:44:12,60.42578125,3.7375
06:44:13,60.42578125,3.73875
06:44:14,60.42578125,3.7375
06:44:15,60.42578125,3.7375
06:44:16,60.42578125,3.7375
06:44:17,60.42578125,3.7375
06:44:18,60.109375,3.7375
06:44:19,60.109375,3.7375
06:44:20,60.109375,3.7375
06:44:21,60.109375,3.7375
06:44:22,60.109375,3.7375
06:44:23,60.109375,3.7375
06:44:24,60.109375,3.7375
06:44:25,60.109375,3.73625
06:44:26,60.109375,3.7375
06:44:27,60.109375,3.7375
06:44:28,60.109375,3.7375
06:44:29,60.109375,3.7375
